Timestamp,Namespace,Pod,Container,CPU (millicores),Memory (MB)
2024-11-23T18:35:26.826119,argocd,argocd-application-controller-0,application-controller,3.13601,150.3984375
2024-11-23T18:35:26.826372,argocd,argocd-applicationset-controller-74947d8b5d-rbl48,applicationset-controller,0.243416,43.109375
2024-11-23T18:35:26.826411,argocd,argocd-dex-server-5fcbfd4684-4ksmf,dex-server,0.051528,97.82421875
2024-11-23T18:35:26.826439,argocd,argocd-notifications-controller-5f75c4656d-l55ml,notifications-controller,0.124677,36.7265625
2024-11-23T18:35:26.826475,argocd,argocd-redis-7855f78d87-9vqnb,redis,0.904994,11.1953125
2024-11-23T18:35:26.826500,argocd,argocd-repo-server-767cbc7fdb-cdgf7,repo-server,0.792379,55.27734375
2024-11-23T18:35:26.826524,argocd,argocd-server-858f464b75-j92hs,server,0.302019,43.69921875
2024-11-23T18:35:41.911341,argocd,argocd-application-controller-0,application-controller,2.949255,150.3984375
2024-11-23T18:35:41.912075,argocd,argocd-applicationset-controller-74947d8b5d-rbl48,applicationset-controller,0.275868,43.109375
2024-11-23T18:35:41.912143,argocd,argocd-dex-server-5fcbfd4684-4ksmf,dex-server,0.070666,97.82421875
2024-11-23T18:35:41.912191,argocd,argocd-notifications-controller-5f75c4656d-l55ml,notifications-controller,0.093697,36.7265625
2024-11-23T18:35:41.912225,argocd,argocd-redis-7855f78d87-9vqnb,redis,0.908824,11.1953125
2024-11-23T18:35:41.912432,argocd,argocd-repo-server-767cbc7fdb-cdgf7,repo-server,0.670303,55.27734375
2024-11-23T18:35:41.912497,argocd,argocd-server-858f464b75-j92hs,server,0.264917,43.69921875
2024-11-23T18:35:56.962164,argocd,argocd-application-controller-0,application-controller,2.949255,150.3984375
2024-11-23T18:35:56.962521,argocd,argocd-applicationset-controller-74947d8b5d-rbl48,applicationset-controller,0.255764,43.109375
2024-11-23T18:35:56.962567,argocd,argocd-dex-server-5fcbfd4684-4ksmf,dex-server,0.034699,97.82421875
2024-11-23T18:35:56.962593,argocd,argocd-notifications-controller-5f75c4656d-l55ml,notifications-controller,0.106807,36.7265625
2024-11-23T18:35:56.962619,argocd,argocd-redis-7855f78d87-9vqnb,redis,1.032253,11.1953125
2024-11-23T18:35:56.962640,argocd,argocd-repo-server-767cbc7fdb-cdgf7,repo-server,0.423707,55.26953125
2024-11-23T18:35:56.962660,argocd,argocd-server-858f464b75-j92hs,server,0.318312,43.69921875
2024-11-23T18:36:12.003327,argocd,argocd-application-controller-0,application-controller,3.559176,151.6640625
2024-11-23T18:36:12.003420,argocd,argocd-applicationset-controller-74947d8b5d-rbl48,applicationset-controller,0.236633,43.109375
2024-11-23T18:36:12.003456,argocd,argocd-dex-server-5fcbfd4684-4ksmf,dex-server,0.053441,97.82421875
2024-11-23T18:36:12.003486,argocd,argocd-notifications-controller-5f75c4656d-l55ml,notifications-controller,0.038355,36.7265625
2024-11-23T18:36:12.003511,argocd,argocd-redis-7855f78d87-9vqnb,redis,0.89644,10.9453125
2024-11-23T18:36:12.003534,argocd,argocd-repo-server-767cbc7fdb-cdgf7,repo-server,0.474808,55.26953125
2024-11-23T18:36:12.003557,argocd,argocd-server-858f464b75-j92hs,server,0.278361,43.69921875
2024-11-23T18:36:27.103632,argocd,argocd-application-controller-0,application-controller,2.8909,151.6640625
2024-11-23T18:36:27.104428,argocd,argocd-applicationset-controller-74947d8b5d-rbl48,applicationset-controller,0.688248,43.109375
2024-11-23T18:36:27.104770,argocd,argocd-dex-server-5fcbfd4684-4ksmf,dex-server,0.041342,97.82421875
2024-11-23T18:36:27.105050,argocd,argocd-notifications-controller-5f75c4656d-l55ml,notifications-controller,0.101897,36.7265625
2024-11-23T18:36:27.105349,argocd,argocd-redis-7855f78d87-9vqnb,redis,0.917908,11.1953125
2024-11-23T18:36:27.105661,argocd,argocd-repo-server-767cbc7fdb-cdgf7,repo-server,0.523637,55.2734375
2024-11-23T18:36:27.105884,argocd,argocd-server-858f464b75-j92hs,server,0.341087,43.69921875
2024-11-23T18:36:42.178046,argocd,argocd-application-controller-0,application-controller,3.175119,152.296875
2024-11-23T18:36:42.179610,argocd,argocd-applicationset-controller-74947d8b5d-rbl48,applicationset-controller,0.688248,43.109375
2024-11-23T18:36:42.179800,argocd,argocd-dex-server-5fcbfd4684-4ksmf,dex-server,0.053475,97.82421875
2024-11-23T18:36:42.179890,argocd,argocd-notifications-controller-5f75c4656d-l55ml,notifications-controller,0.101897,36.7265625
2024-11-23T18:36:42.179959,argocd,argocd-redis-7855f78d87-9vqnb,redis,0.986471,10.93359375
2024-11-23T18:36:42.180022,argocd,argocd-repo-server-767cbc7fdb-cdgf7,repo-server,0.735647,55.2734375
2024-11-23T18:36:42.180082,argocd,argocd-server-858f464b75-j92hs,server,0.294498,43.69921875
2024-11-23T18:36:57.287035,argocd,argocd-application-controller-0,application-controller,2.97044,152.9296875
2024-11-23T18:36:57.288038,argocd,argocd-applicationset-controller-74947d8b5d-rbl48,applicationset-controller,0.243561,43.109375
2024-11-23T18:36:57.288645,argocd,argocd-dex-server-5fcbfd4684-4ksmf,dex-server,0.433315,98.07421875
2024-11-23T18:36:57.290670,argocd,argocd-notifications-controller-5f75c4656d-l55ml,notifications-controller,0.129154,36.7265625
2024-11-23T18:36:57.291772,argocd,argocd-redis-7855f78d87-9vqnb,redis,0.9445,10.93359375
2024-11-23T18:36:57.292594,argocd,argocd-repo-server-767cbc7fdb-cdgf7,repo-server,0.478432,55.26953125
2024-11-23T18:36:57.294016,argocd,argocd-server-858f464b75-j92hs,server,1.055701,43.94921875
2024-11-23T18:37:12.404647,argocd,argocd-application-controller-0,application-controller,5.536662,151.82421875
2024-11-23T18:37:12.405429,argocd,argocd-applicationset-controller-74947d8b5d-rbl48,applicationset-controller,0.235331,43.109375
2024-11-23T18:37:12.405657,argocd,argocd-dex-server-5fcbfd4684-4ksmf,dex-server,0.18847,97.82421875
2024-11-23T18:37:12.405799,argocd,argocd-notifications-controller-5f75c4656d-l55ml,notifications-controller,0.626473,36.7265625
2024-11-23T18:37:12.405897,argocd,argocd-redis-7855f78d87-9vqnb,redis,0.89374,10.93359375
2024-11-23T18:37:12.405982,argocd,argocd-repo-server-767cbc7fdb-cdgf7,repo-server,1.042148,54.23828125
2024-11-23T18:37:12.406063,argocd,argocd-server-858f464b75-j92hs,server,0.244763,43.69921875
2024-11-23T18:37:27.501872,argocd,argocd-application-controller-0,application-controller,3.335599,151.8203125
2024-11-23T18:37:27.503130,argocd,argocd-applicationset-controller-74947d8b5d-rbl48,applicationset-controller,0.233593,43.109375
2024-11-23T18:37:27.503648,argocd,argocd-dex-server-5fcbfd4684-4ksmf,dex-server,0.037725,97.82421875
2024-11-23T18:37:27.503840,argocd,argocd-notifications-controller-5f75c4656d-l55ml,notifications-controller,0.067625,36.7265625
2024-11-23T18:37:27.504010,argocd,argocd-redis-7855f78d87-9vqnb,redis,0.914424,10.93359375
2024-11-23T18:37:27.504457,argocd,argocd-repo-server-767cbc7fdb-cdgf7,repo-server,0.502182,54.48828125
2024-11-23T18:37:27.504606,argocd,argocd-server-858f464b75-j92hs,server,0.244763,43.69921875
2024-11-23T18:37:42.610145,argocd,argocd-application-controller-0,application-controller,2.919352,151.8203125
2024-11-23T18:37:42.610898,argocd,argocd-applicationset-controller-74947d8b5d-rbl48,applicationset-controller,0.262302,43.359375
2024-11-23T18:37:42.611119,argocd,argocd-dex-server-5fcbfd4684-4ksmf,dex-server,0.107762,97.82421875
2024-11-23T18:37:42.611286,argocd,argocd-notifications-controller-5f75c4656d-l55ml,notifications-controller,0.076817,36.7265625
2024-11-23T18:37:42.611398,argocd,argocd-redis-7855f78d87-9vqnb,redis,0.935594,11.18359375
2024-11-23T18:37:42.611529,argocd,argocd-repo-server-767cbc7fdb-cdgf7,repo-server,0.934351,54.23828125
2024-11-23T18:37:42.611646,argocd,argocd-server-858f464b75-j92hs,server,0.355941,43.69921875
2024-11-23T18:37:57.703781,argocd,argocd-application-controller-0,application-controller,3.522061,151.82421875
2024-11-23T18:37:57.705352,argocd,argocd-applicationset-controller-74947d8b5d-rbl48,applicationset-controller,0.29188,43.109375
2024-11-23T18:37:57.705738,argocd,argocd-dex-server-5fcbfd4684-4ksmf,dex-server,0.060006,97.82421875
2024-11-23T18:37:57.705953,argocd,argocd-notifications-controller-5f75c4656d-l55ml,notifications-controller,0.194604,36.7265625
2024-11-23T18:37:57.706139,argocd,argocd-redis-7855f78d87-9vqnb,redis,0.951466,11.1953125
2024-11-23T18:37:57.706315,argocd,argocd-repo-server-767cbc7fdb-cdgf7,repo-server,0.710388,54.23828125
2024-11-23T18:37:57.706484,argocd,argocd-server-858f464b75-j92hs,server,0.425506,43.69921875
2024-11-23T18:38:12.805441,argocd,argocd-application-controller-0,application-controller,3.890188,151.8203125
2024-11-23T18:38:12.806015,argocd,argocd-applicationset-controller-74947d8b5d-rbl48,applicationset-controller,0.240139,43.109375
2024-11-23T18:38:12.806294,argocd,argocd-dex-server-5fcbfd4684-4ksmf,dex-server,0.054662,97.82421875
2024-11-23T18:38:12.806515,argocd,argocd-notifications-controller-5f75c4656d-l55ml,notifications-controller,0.194604,36.7265625
2024-11-23T18:38:12.806774,argocd,argocd-redis-7855f78d87-9vqnb,redis,1.002697,11.44140625
2024-11-23T18:38:12.806977,argocd,argocd-repo-server-767cbc7fdb-cdgf7,repo-server,0.710388,54.23828125
2024-11-23T18:38:12.807201,argocd,argocd-server-858f464b75-j92hs,server,0.227901,43.69921875
2024-11-23T18:38:27.872074,argocd,argocd-application-controller-0,application-controller,3.014549,151.8203125
2024-11-23T18:38:27.872552,argocd,argocd-applicationset-controller-74947d8b5d-rbl48,applicationset-controller,0.82509,43.109375
2024-11-23T18:38:27.872784,argocd,argocd-dex-server-5fcbfd4684-4ksmf,dex-server,0.02669,97.82421875
2024-11-23T18:38:27.872989,argocd,argocd-notifications-controller-5f75c4656d-l55ml,notifications-controller,0.111439,36.7265625
2024-11-23T18:38:27.873189,argocd,argocd-redis-7855f78d87-9vqnb,redis,1.079042,10.9453125
2024-11-23T18:38:27.873376,argocd,argocd-repo-server-767cbc7fdb-cdgf7,repo-server,0.421814,54.234375
2024-11-23T18:38:27.873554,argocd,argocd-server-858f464b75-j92hs,server,0.300398,43.69921875
2024-11-23T18:38:42.941504,argocd,argocd-application-controller-0,application-controller,2.754734,151.8203125
2024-11-23T18:38:42.942032,argocd,argocd-applicationset-controller-74947d8b5d-rbl48,applicationset-controller,0.250331,43.109375
2024-11-23T18:38:42.942348,argocd,argocd-dex-server-5fcbfd4684-4ksmf,dex-server,0.046594,97.82421875
2024-11-23T18:38:42.942613,argocd,argocd-notifications-controller-5f75c4656d-l55ml,notifications-controller,0.073629,36.7265625
2024-11-23T18:38:42.942822,argocd,argocd-redis-7855f78d87-9vqnb,redis,0.98018,11.1953125
2024-11-23T18:38:42.943018,argocd,argocd-repo-server-767cbc7fdb-cdgf7,repo-server,0.421814,54.234375
2024-11-23T18:38:42.943205,argocd,argocd-server-858f464b75-j92hs,server,0.242832,43.69921875
2024-11-23T18:38:58.032190,argocd,argocd-application-controller-0,application-controller,3.075072,151.8203125
2024-11-23T18:38:58.032509,argocd,argocd-applicationset-controller-74947d8b5d-rbl48,applicationset-controller,0.239387,43.109375
2024-11-23T18:38:58.032601,argocd,argocd-dex-server-5fcbfd4684-4ksmf,dex-server,0.032163,97.82421875
2024-11-23T18:38:58.032677,argocd,argocd-notifications-controller-5f75c4656d-l55ml,notifications-controller,0.103823,36.7265625
2024-11-23T18:38:58.032744,argocd,argocd-redis-7855f78d87-9vqnb,redis,0.918685,11.1953125
2024-11-23T18:38:58.032817,argocd,argocd-repo-server-767cbc7fdb-cdgf7,repo-server,0.796514,54.23828125
2024-11-23T18:38:58.032882,argocd,argocd-server-858f464b75-j92hs,server,0.242832,43.69921875
2024-11-23T18:39:13.146568,argocd,argocd-application-controller-0,application-controller,4.991683,152.015625
2024-11-23T18:39:13.147651,argocd,argocd-applicationset-controller-74947d8b5d-rbl48,applicationset-controller,0.24374,43.109375
2024-11-23T18:39:13.148035,argocd,argocd-dex-server-5fcbfd4684-4ksmf,dex-server,0.491201,97.82421875
2024-11-23T18:39:13.148262,argocd,argocd-notifications-controller-5f75c4656d-l55ml,notifications-controller,0.484576,36.7265625
2024-11-23T18:39:13.148475,argocd,argocd-redis-7855f78d87-9vqnb,redis,0.904972,10.9453125
2024-11-23T18:39:13.148665,argocd,argocd-repo-server-767cbc7fdb-cdgf7,repo-server,0.796514,54.23828125
2024-11-23T18:39:13.148841,argocd,argocd-server-858f464b75-j92hs,server,0.731868,43.703125
2024-11-23T18:39:28.223178,argocd,argocd-application-controller-0,application-controller,3.030123,152.015625
2024-11-23T18:39:28.224137,argocd,argocd-applicationset-controller-74947d8b5d-rbl48,applicationset-controller,0.24374,43.109375
2024-11-23T18:39:28.224483,argocd,argocd-dex-server-5fcbfd4684-4ksmf,dex-server,0.039454,97.82421875
2024-11-23T18:39:28.224732,argocd,argocd-notifications-controller-5f75c4656d-l55ml,notifications-controller,0.066402,36.7265625
2024-11-23T18:39:28.224966,argocd,argocd-redis-7855f78d87-9vqnb,redis,0.902906,10.9453125
2024-11-23T18:39:28.225175,argocd,argocd-repo-server-767cbc7fdb-cdgf7,repo-server,0.585294,54.234375
2024-11-23T18:39:28.225371,argocd,argocd-server-858f464b75-j92hs,server,0.372774,43.703125
2024-11-23T18:39:43.306374,argocd,argocd-application-controller-0,application-controller,3.006657,152.015625
2024-11-23T18:39:43.307216,argocd,argocd-applicationset-controller-74947d8b5d-rbl48,applicationset-controller,0.260437,43.109375
2024-11-23T18:39:43.307378,argocd,argocd-dex-server-5fcbfd4684-4ksmf,dex-server,0.038373,97.82421875
2024-11-23T18:39:43.307451,argocd,argocd-notifications-controller-5f75c4656d-l55ml,notifications-controller,0.095238,36.7265625
2024-11-23T18:39:43.307516,argocd,argocd-redis-7855f78d87-9vqnb,redis,0.917435,10.9453125
2024-11-23T18:39:43.307577,argocd,argocd-repo-server-767cbc7fdb-cdgf7,repo-server,0.773571,54.2421875
2024-11-23T18:39:43.307637,argocd,argocd-server-858f464b75-j92hs,server,0.315986,43.703125
2024-11-23T18:39:58.387344,argocd,argocd-application-controller-0,application-controller,3.006657,152.015625
2024-11-23T18:39:58.388219,argocd,argocd-applicationset-controller-74947d8b5d-rbl48,applicationset-controller,0.237517,43.109375
2024-11-23T18:39:58.388563,argocd,argocd-dex-server-5fcbfd4684-4ksmf,dex-server,0.050951,97.82421875
2024-11-23T18:39:58.388799,argocd,argocd-notifications-controller-5f75c4656d-l55ml,notifications-controller,0.096433,36.7265625
2024-11-23T18:39:58.389007,argocd,argocd-redis-7855f78d87-9vqnb,redis,0.924881,11.44140625
2024-11-23T18:39:58.389200,argocd,argocd-repo-server-767cbc7fdb-cdgf7,repo-server,0.578663,54.2421875
2024-11-23T18:39:58.389389,argocd,argocd-server-858f464b75-j92hs,server,0.315986,43.703125
2024-11-23T18:40:13.444897,argocd,argocd-application-controller-0,application-controller,3.192363,152.0234375
2024-11-23T18:40:13.445170,argocd,argocd-applicationset-controller-74947d8b5d-rbl48,applicationset-controller,0.326802,43.11328125
2024-11-23T18:40:13.445256,argocd,argocd-dex-server-5fcbfd4684-4ksmf,dex-server,0.052986,97.82421875
2024-11-23T18:40:13.445319,argocd,argocd-notifications-controller-5f75c4656d-l55ml,notifications-controller,0.067611,36.7265625
2024-11-23T18:40:13.445376,argocd,argocd-redis-7855f78d87-9vqnb,redis,0.902207,10.93359375
2024-11-23T18:40:13.445437,argocd,argocd-repo-server-767cbc7fdb-cdgf7,repo-server,0.520919,54.2421875
2024-11-23T18:40:13.445490,argocd,argocd-server-858f464b75-j92hs,server,0.267869,43.703125
2024-11-23T18:40:28.516338,argocd,argocd-application-controller-0,application-controller,4.050254,152.015625
2024-11-23T18:40:28.517769,argocd,argocd-applicationset-controller-74947d8b5d-rbl48,applicationset-controller,0.694553,43.109375
2024-11-23T18:40:28.517856,argocd,argocd-dex-server-5fcbfd4684-4ksmf,dex-server,0.052986,97.82421875
2024-11-23T18:40:28.517916,argocd,argocd-notifications-controller-5f75c4656d-l55ml,notifications-controller,0.066027,36.7265625
2024-11-23T18:40:28.517971,argocd,argocd-redis-7855f78d87-9vqnb,redis,0.918459,11.18359375
2024-11-23T18:40:28.518024,argocd,argocd-repo-server-767cbc7fdb-cdgf7,repo-server,0.382299,54.234375
2024-11-23T18:40:28.518075,argocd,argocd-server-858f464b75-j92hs,server,0.319951,43.703125
2024-11-23T18:40:43.580122,argocd,argocd-application-controller-0,application-controller,2.836749,152.015625
2024-11-23T18:40:43.580509,argocd,argocd-applicationset-controller-74947d8b5d-rbl48,applicationset-controller,0.260015,43.109375
2024-11-23T18:40:43.580584,argocd,argocd-dex-server-5fcbfd4684-4ksmf,dex-server,0.045046,97.82421875
2024-11-23T18:40:43.580638,argocd,argocd-notifications-controller-5f75c4656d-l55ml,notifications-controller,0.24296,36.7265625
2024-11-23T18:40:43.580686,argocd,argocd-redis-7855f78d87-9vqnb,redis,0.921712,11.18359375
2024-11-23T18:40:43.580734,argocd,argocd-repo-server-767cbc7fdb-cdgf7,repo-server,0.382299,54.234375
2024-11-23T18:40:43.580779,argocd,argocd-server-858f464b75-j92hs,server,0.251726,43.703125
2024-11-23T18:40:58.670231,argocd,argocd-application-controller-0,application-controller,3.550084,152.015625
2024-11-23T18:40:58.670696,argocd,argocd-applicationset-controller-74947d8b5d-rbl48,applicationset-controller,0.362218,43.11328125
2024-11-23T18:40:58.670849,argocd,argocd-dex-server-5fcbfd4684-4ksmf,dex-server,0.045046,97.82421875
2024-11-23T18:40:58.670974,argocd,argocd-notifications-controller-5f75c4656d-l55ml,notifications-controller,0.24296,36.7265625
2024-11-23T18:40:58.671084,argocd,argocd-redis-7855f78d87-9vqnb,redis,0.919022,11.18359375
2024-11-23T18:40:58.671178,argocd,argocd-repo-server-767cbc7fdb-cdgf7,repo-server,1.434017,55.0078125
2024-11-23T18:40:58.671262,argocd,argocd-server-858f464b75-j92hs,server,0.993267,43.703125
2024-11-23T18:41:13.719805,argocd,argocd-application-controller-0,application-controller,6.702239,152.03125
2024-11-23T18:41:13.720060,argocd,argocd-applicationset-controller-74947d8b5d-rbl48,applicationset-controller,0.258918,43.109375
2024-11-23T18:41:13.720116,argocd,argocd-dex-server-5fcbfd4684-4ksmf,dex-server,0.369294,97.82421875
2024-11-23T18:41:13.720147,argocd,argocd-notifications-controller-5f75c4656d-l55ml,notifications-controller,0.098388,36.7265625
2024-11-23T18:41:13.720173,argocd,argocd-redis-7855f78d87-9vqnb,redis,0.924824,10.93359375
2024-11-23T18:41:13.720196,argocd,argocd-repo-server-767cbc7fdb-cdgf7,repo-server,1.186721,55.08984375
2024-11-23T18:41:13.720217,argocd,argocd-server-858f464b75-j92hs,server,0.341872,43.703125
2024-11-23T18:41:28.769441,argocd,argocd-application-controller-0,application-controller,25.681313,165.17578125
2024-11-23T18:41:28.769888,argocd,argocd-applicationset-controller-74947d8b5d-rbl48,applicationset-controller,0.239831,43.109375
2024-11-23T18:41:28.769977,argocd,argocd-dex-server-5fcbfd4684-4ksmf,dex-server,0.046715,97.82421875
2024-11-23T18:41:28.770031,argocd,argocd-notifications-controller-5f75c4656d-l55ml,notifications-controller,0.428773,36.7265625
2024-11-23T18:41:28.770074,argocd,argocd-redis-7855f78d87-9vqnb,redis,0.885592,10.93359375
2024-11-23T18:41:28.770116,argocd,argocd-repo-server-767cbc7fdb-cdgf7,repo-server,0.493356,55.08984375
2024-11-23T18:41:28.770155,argocd,argocd-server-858f464b75-j92hs,server,0.280357,43.703125
2024-11-23T18:41:43.820827,argocd,argocd-application-controller-0,application-controller,3.007918,165.7578125
2024-11-23T18:41:43.821169,argocd,argocd-applicationset-controller-74947d8b5d-rbl48,applicationset-controller,0.237158,43.109375
2024-11-23T18:41:43.821226,argocd,argocd-dex-server-5fcbfd4684-4ksmf,dex-server,0.046715,97.82421875
2024-11-23T18:41:43.821257,argocd,argocd-notifications-controller-5f75c4656d-l55ml,notifications-controller,0.085716,36.7265625
2024-11-23T18:41:43.821281,argocd,argocd-redis-7855f78d87-9vqnb,redis,0.97314,11.18359375
2024-11-23T18:41:43.821303,argocd,argocd-repo-server-767cbc7fdb-cdgf7,repo-server,0.493356,55.08984375
2024-11-23T18:41:43.821323,argocd,argocd-server-858f464b75-j92hs,server,0.280357,43.703125
2024-11-23T18:41:58.901157,argocd,argocd-application-controller-0,application-controller,2.890979,166.421875
2024-11-23T18:41:58.901958,argocd,argocd-applicationset-controller-74947d8b5d-rbl48,applicationset-controller,0.294216,43.109375
2024-11-23T18:41:58.902195,argocd,argocd-dex-server-5fcbfd4684-4ksmf,dex-server,0.062886,97.82421875
2024-11-23T18:41:58.902359,argocd,argocd-notifications-controller-5f75c4656d-l55ml,notifications-controller,0.113611,36.7265625
2024-11-23T18:41:58.902492,argocd,argocd-redis-7855f78d87-9vqnb,redis,0.97314,11.18359375
2024-11-23T18:41:58.902617,argocd,argocd-repo-server-767cbc7fdb-cdgf7,repo-server,0.571139,55.0859375
2024-11-23T18:41:58.902725,argocd,argocd-server-858f464b75-j92hs,server,0.325391,43.703125
2024-11-23T18:42:13.984475,argocd,argocd-application-controller-0,application-controller,4.182544,167.10546875
2024-11-23T18:42:13.985495,argocd,argocd-applicationset-controller-74947d8b5d-rbl48,applicationset-controller,0.238267,43.109375
2024-11-23T18:42:13.985871,argocd,argocd-dex-server-5fcbfd4684-4ksmf,dex-server,0.052457,97.82421875
2024-11-23T18:42:13.986132,argocd,argocd-notifications-controller-5f75c4656d-l55ml,notifications-controller,0.09216,36.7265625
2024-11-23T18:42:13.986357,argocd,argocd-redis-7855f78d87-9vqnb,redis,0.836582,11.18359375
2024-11-23T18:42:13.986578,argocd,argocd-repo-server-767cbc7fdb-cdgf7,repo-server,0.707274,55.09765625
2024-11-23T18:42:13.986789,argocd,argocd-server-858f464b75-j92hs,server,0.325391,43.703125
2024-11-23T18:42:29.061818,argocd,argocd-application-controller-0,application-controller,3.178739,167.10546875
2024-11-23T18:42:29.062347,argocd,argocd-applicationset-controller-74947d8b5d-rbl48,applicationset-controller,0.743189,43.109375
2024-11-23T18:42:29.062563,argocd,argocd-dex-server-5fcbfd4684-4ksmf,dex-server,0.052457,97.82421875
2024-11-23T18:42:29.062759,argocd,argocd-notifications-controller-5f75c4656d-l55ml,notifications-controller,0.064812,36.7265625
2024-11-23T18:42:29.062848,argocd,argocd-redis-7855f78d87-9vqnb,redis,0.898901,11.18359375
2024-11-23T18:42:29.062941,argocd,argocd-repo-server-767cbc7fdb-cdgf7,repo-server,0.536268,55.08984375
2024-11-23T18:42:29.063031,argocd,argocd-server-858f464b75-j92hs,server,0.339206,43.703125
2024-11-23T18:42:44.155628,argocd,argocd-application-controller-0,application-controller,2.813437,167.7421875
2024-11-23T18:42:44.156188,argocd,argocd-applicationset-controller-74947d8b5d-rbl48,applicationset-controller,0.228343,43.109375
2024-11-23T18:42:44.156576,argocd,argocd-dex-server-5fcbfd4684-4ksmf,dex-server,0.067937,97.82421875
2024-11-23T18:42:44.156853,argocd,argocd-notifications-controller-5f75c4656d-l55ml,notifications-controller,0.083752,36.7265625
2024-11-23T18:42:44.157040,argocd,argocd-redis-7855f78d87-9vqnb,redis,0.847761,11.18359375
2024-11-23T18:42:44.157216,argocd,argocd-repo-server-767cbc7fdb-cdgf7,repo-server,0.601194,55.09765625
2024-11-23T18:42:44.157391,argocd,argocd-server-858f464b75-j92hs,server,0.265373,43.703125
2024-11-23T18:42:59.229456,argocd,argocd-application-controller-0,application-controller,3.163444,168.375
2024-11-23T18:42:59.229966,argocd,argocd-applicationset-controller-74947d8b5d-rbl48,applicationset-controller,0.251141,43.109375
2024-11-23T18:42:59.230092,argocd,argocd-dex-server-5fcbfd4684-4ksmf,dex-server,0.065346,97.82421875
2024-11-23T18:42:59.230385,argocd,argocd-notifications-controller-5f75c4656d-l55ml,notifications-controller,0.073583,36.7265625
2024-11-23T18:42:59.230456,argocd,argocd-redis-7855f78d87-9vqnb,redis,0.847761,11.18359375
2024-11-23T18:42:59.230598,argocd,argocd-repo-server-767cbc7fdb-cdgf7,repo-server,1.271801,54.66015625
2024-11-23T18:42:59.230741,argocd,argocd-server-858f464b75-j92hs,server,0.313626,43.703125
2024-11-23T18:43:14.313659,argocd,argocd-application-controller-0,application-controller,5.449459,163.17578125
2024-11-23T18:43:14.314287,argocd,argocd-applicationset-controller-74947d8b5d-rbl48,applicationset-controller,0.247669,43.109375
2024-11-23T18:43:14.314610,argocd,argocd-dex-server-5fcbfd4684-4ksmf,dex-server,0.419541,97.82421875
2024-11-23T18:43:14.314821,argocd,argocd-notifications-controller-5f75c4656d-l55ml,notifications-controller,0.169651,36.7265625
2024-11-23T18:43:14.314989,argocd,argocd-redis-7855f78d87-9vqnb,redis,0.945573,10.93359375
2024-11-23T18:43:14.315176,argocd,argocd-repo-server-767cbc7fdb-cdgf7,repo-server,0.787539,54.6640625
2024-11-23T18:43:14.315347,argocd,argocd-server-858f464b75-j92hs,server,0.92628,43.703125
2024-11-23T18:43:29.394779,argocd,argocd-application-controller-0,application-controller,2.820961,163.17578125
2024-11-23T18:43:29.396054,argocd,argocd-applicationset-controller-74947d8b5d-rbl48,applicationset-controller,0.230067,43.109375
2024-11-23T18:43:29.396322,argocd,argocd-dex-server-5fcbfd4684-4ksmf,dex-server,0.035391,97.82421875
2024-11-23T18:43:29.396516,argocd,argocd-notifications-controller-5f75c4656d-l55ml,notifications-controller,0.462398,36.73046875
2024-11-23T18:43:29.396654,argocd,argocd-redis-7855f78d87-9vqnb,redis,0.936134,11.18359375
2024-11-23T18:43:29.396772,argocd,argocd-repo-server-767cbc7fdb-cdgf7,repo-server,0.483759,54.65625
2024-11-23T18:43:29.396888,argocd,argocd-server-858f464b75-j92hs,server,0.264013,43.70703125
2024-11-23T18:43:44.476804,argocd,argocd-application-controller-0,application-controller,3.131128,163.80859375
2024-11-23T18:43:44.477465,argocd,argocd-applicationset-controller-74947d8b5d-rbl48,applicationset-controller,0.221186,43.109375
2024-11-23T18:43:44.477798,argocd,argocd-dex-server-5fcbfd4684-4ksmf,dex-server,0.035391,97.82421875
2024-11-23T18:43:44.478032,argocd,argocd-notifications-controller-5f75c4656d-l55ml,notifications-controller,0.086052,36.73046875
2024-11-23T18:43:44.478238,argocd,argocd-redis-7855f78d87-9vqnb,redis,1.010078,11.18359375
2024-11-23T18:43:44.478436,argocd,argocd-repo-server-767cbc7fdb-cdgf7,repo-server,0.508071,54.66015625
2024-11-23T18:43:44.478626,argocd,argocd-server-858f464b75-j92hs,server,0.294041,43.703125
2024-11-23T18:43:59.561202,argocd,argocd-application-controller-0,application-controller,3.533046,164.4453125
2024-11-23T18:43:59.561683,argocd,argocd-applicationset-controller-74947d8b5d-rbl48,applicationset-controller,0.447565,43.109375
2024-11-23T18:43:59.561911,argocd,argocd-dex-server-5fcbfd4684-4ksmf,dex-server,0.061444,97.82421875
2024-11-23T18:43:59.562090,argocd,argocd-notifications-controller-5f75c4656d-l55ml,notifications-controller,0.260842,36.7265625
2024-11-23T18:43:59.562286,argocd,argocd-redis-7855f78d87-9vqnb,redis,1.010078,11.18359375
2024-11-23T18:43:59.562453,argocd,argocd-repo-server-767cbc7fdb-cdgf7,repo-server,0.795277,54.6640625
2024-11-23T18:43:59.562603,argocd,argocd-server-858f464b75-j92hs,server,0.345695,43.703125
2024-11-23T18:44:14.642525,argocd,argocd-application-controller-0,application-controller,4.004888,164.4453125
2024-11-23T18:44:14.643409,argocd,argocd-applicationset-controller-74947d8b5d-rbl48,applicationset-controller,0.256288,43.109375
2024-11-23T18:44:14.643602,argocd,argocd-dex-server-5fcbfd4684-4ksmf,dex-server,0.03875,97.82421875
2024-11-23T18:44:14.643712,argocd,argocd-notifications-controller-5f75c4656d-l55ml,notifications-controller,0.096307,36.7265625
2024-11-23T18:44:14.643814,argocd,argocd-redis-7855f78d87-9vqnb,redis,0.872306,11.18359375
2024-11-23T18:44:14.643912,argocd,argocd-repo-server-767cbc7fdb-cdgf7,repo-server,0.735163,54.66796875
2024-11-23T18:44:14.644006,argocd,argocd-server-858f464b75-j92hs,server,0.328892,43.703125
2024-11-23T18:44:29.728498,argocd,argocd-application-controller-0,application-controller,3.170853,165.078125
2024-11-23T18:44:29.729302,argocd,argocd-applicationset-controller-74947d8b5d-rbl48,applicationset-controller,0.501839,43.109375
2024-11-23T18:44:29.729514,argocd,argocd-dex-server-5fcbfd4684-4ksmf,dex-server,0.030735,97.82421875
2024-11-23T18:44:29.729698,argocd,argocd-notifications-controller-5f75c4656d-l55ml,notifications-controller,0.072844,36.7265625
2024-11-23T18:44:29.729881,argocd,argocd-redis-7855f78d87-9vqnb,redis,0.899144,10.93359375
2024-11-23T18:44:29.730030,argocd,argocd-repo-server-767cbc7fdb-cdgf7,repo-server,0.76019,54.671875
2024-11-23T18:44:29.730157,argocd,argocd-server-858f464b75-j92hs,server,0.321535,43.703125
2024-11-23T18:44:44.783213,argocd,argocd-application-controller-0,application-controller,3.00209,165.7109375
2024-11-23T18:44:44.783446,argocd,argocd-applicationset-controller-74947d8b5d-rbl48,applicationset-controller,0.501839,43.109375
2024-11-23T18:44:44.783531,argocd,argocd-dex-server-5fcbfd4684-4ksmf,dex-server,0.060813,97.82421875
2024-11-23T18:44:44.783596,argocd,argocd-notifications-controller-5f75c4656d-l55ml,notifications-controller,0.075853,36.7265625
2024-11-23T18:44:44.783659,argocd,argocd-redis-7855f78d87-9vqnb,redis,0.899144,10.93359375
2024-11-23T18:44:44.783714,argocd,argocd-repo-server-767cbc7fdb-cdgf7,repo-server,0.470158,54.671875
2024-11-23T18:44:44.783777,argocd,argocd-server-858f464b75-j92hs,server,0.29369,43.703125
